username;date;retweets;favorites;text;geo;mentions;hashtags;id;permalink
;2017-12-31 04:17;0;1;"Penyerahan Bantuan Warga Terdampak Bencana Gempa Bumi 6,9 SR dari BUMD dan Bank JATENG secara… https://www.instagram.com/p/BdV1QesjzfE/";;;;"947215156102291456";https://twitter.com/bpbdcilacap/status/947215156102291456
;2017-12-31 04:15;0;0;"@ mi_ChristyChiBi kamu itu kayak lempengan bumi ya, geser dikit aja bisa gempa.in hati aku.";;@;;"947214594799308800";https://twitter.com/Dinakici/status/947214594799308800
;2017-12-31 03:11;0;0;"Tahun 2009 ada anime jepang menceritakan gempa bumi, judulnya Tokyo Magnitude 8,0. Ternyata terjadi gempa di Jepang. Mungkin kebetulan";;;;"947198355758649344";https://twitter.com/infotaku_/status/947198355758649344
;2017-12-31 03:03;0;0;"Firasat Gempa Bumi dan Artinya - http://RamalanArtiNama.com https://fb.me/9vBWz5nEM";;;;"947196474001063936";https://twitter.com/indospiritual/status/947196474001063936
;2017-12-31 02:28;0;0;"Org laen kalo ping!aku di bbm cuma hpny yg geter kalo kamu yg ping, Cinta aku yan geter kaya gempa bumi @ Teens_Yori";;@;;"947187550606651392";https://twitter.com/YoriversFAMS_/status/947187550606651392
;2017-12-31 02:00;0;0;"kamu itu kayak lempengan bumi ya, geser dikit aja bisa gempa.in hati aku. # JuneWish";;;#;"947180613450076160";https://twitter.com/HaloMbakDesi/status/947180613450076160
;2017-12-31 00:27;0;0;"Mendzalimi ulama dimana-mana pertanda akan ada perubahan besar-besaran di negeri ini !! Longsor, Gempa bumi, Bencana alam dan Tsunami adalah pertanda awal Tahun 2019 Kehancuran partai dzalim, kaum munafik, Fasiq, komunis dan dedengkotnya !! Amin Ya Allah";;;;"947157215281946624";https://twitter.com/budi_firman2018/status/947157215281946624
;2017-12-30 22:01;0;0;"kamu itu kayak lempengan bumi ya, geser dikit aja bisa gempa.in hati aku.";;;;"947120373006450688";https://twitter.com/PasarGodean/status/947120373006450688
;2017-12-30 21:52;95;101;"Aku paling menyampah bila aku tangkapkan gambar orang sumpah lawa, tapi bila orang tangkapkan gambar aku bergoyang dia macam tengah gempa bumi yal okay done luahkan perasaan";;;;"947118110284193792";https://twitter.com/rzlya_/status/947118110284193792
;2017-12-30 20:42;0;0;"Firasat Gempa Bumi dan Artinya - http://RamalanArtiNama.com https://fb.me/6Wb37ULq3";;;;"947100549664661504";https://twitter.com/indospiritual/status/947100549664661504
;2017-12-30 20:27;0;0;"allah tu siapa bagi kamu ? “ tuhan aku la “ tapi kenapa masa senang kau takpernah seru nama dia ? macam haram betul kalau sebut - masa gempa bumi , masa kau susah , masa kau kena culik baru kau seru nama dia “ ya allah lindungila aku “ “ya allah “ “allahuakbharrr” KENAPA ?";;;;"947096775604584448";https://twitter.com/erikantshaa/status/947096775604584448
;2017-12-30 20:00;5;4;"Gunung Agung yang meletus hingga gempa bumi yang baru saja melanda pulau Jawa berada dalam daftar bencana alam terbesar di Indonesia tahun 2017. http://nationalgeographic.co.id/berita/2017/12/7-bencana-alam-terbesar-di-indonesia-sepanjang-tahun-2017 …";;;;"947090068111609856";https://twitter.com/NGIndonesia/status/947090068111609856
;2017-12-30 19:55;0;1;"Supaya apabila ada bencana2 tsunami,gegaran gempabumi,banjir berarus deras dll keseimbangan jambatan itu tetap teguh tanpa pelbagai jenis2 tragedi itu nanti.Jika keseluruhan kenderaan2 berat jik jame diatas dijambatan itu & tiada ancaman2 tragedi itu maka terbaiklah.Wajib testing";;;;"947088849955561472";https://twitter.com/JinnieAlladin/status/947088849955561472
;2017-12-30 18:04;0;0;"Gempa Bumi Melanda Taiwan # gempa, # taiwan, # berita24, @ berita24https://www.youtube.com/watch?v=SteK-h1xsF4 …";;@;# # #;"947060696792973312";https://twitter.com/indahpgs/status/947060696792973312
;2017-12-30 18:00;0;0;"+ menghampiri mereka. "…?" Entah mengapa getarannya semakin keras, dan itu membuat Yuri harus menengok beberapa kali ke sekitarnya. "Ada gempa bumi?" Gumamnya tak lagi menyerang Flynn, sampai ia merasakan getarannya semakin menguat. Getaran tersebut ia rasakan mendekat + pic.twitter.com/7tZxnn4qQ9";;;;"947059831432609792";https://twitter.com/YuriLX10/status/947059831432609792
;2017-12-30 17:55;0;0;"—apanya yang Hell Pyre kalau yang muncul cuman bola-bola salju yang dilemparin?! Begitu pikir Yuri saat jegalannya gagal dan ia harus melompat mundur untuk menghindari bola saljunya. Hendak ia menyerang lagi namun… gerakannya terhenti sementara berkat getaran bagai gempa bumi +";;;;"947058483462991872";https://twitter.com/YuriLX10/status/947058483462991872
;2017-12-30 17:28;0;0;"Ada yang lebih murah biayanya pak, Tidak perlu lahan lebar, lebih stabil dari Tenaga Angin, dapat dibangun dimana saja, berdaya besar, konstruksinya bisa terbuat dari beton sekitar 70 - 80 persen, tahan gempa 12 - 15 SR, Energi terbarukan, padat karya, ramah bumi.";;;;"947051789383229440";https://twitter.com/pardede_piter/status/947051789383229440
;2017-12-30 17:12;0;0;"Ada sekitar 500.000 gempa bumi terdeteksi di dunia setiap tahun. # NgandelRa";;;#;"947047629258596352";https://twitter.com/_NgandelRa/status/947047629258596352
;2017-12-30 17:11;0;1;"Kemon la kpop amenda ah , joking around with their kpop , sentuh skit bergetar mcm gempa bumi";;;;"947047559276589058";https://twitter.com/3zzzv/status/947047559276589058
;2017-12-30 16:40;0;0;"Gunung meletus Banjir dimana mana Gempa bumi Angin puting beliung Hujan badai petir Dengar di televisi prediksi... https://fb.me/2jIGCyQZQ";;;;"947039701176913921";https://twitter.com/sangrajaupdate/status/947039701176913921
;2017-12-30 16:36;0;0;"GEMPABUMI MUKO-MUKO AKIBAT AKTIVITAS SUBDUKSI Hari Sabtu, tanggal 30 Desember 2017, pada pukul 02:14:31 WIB,... https://fb.me/HA9COAHe";;;;"947038774491471873";https://twitter.com/BPBDKabMukomuko/status/947038774491471873
;2017-12-30 15:35;0;0;"iya lagi gempA, kekuatan dari dasar bumi";;;;"947023280262733824";https://twitter.com/wskjung/status/947023280262733824
;2017-12-30 15:15;0;0;"@ mi_ChristyChiBi kamu itu kayak lempengan bumi ya, geser dikit aja bisa gempa.in hati aku.";;@;;"947018301770575872";https://twitter.com/Dinakici/status/947018301770575872
;2017-12-30 15:10;0;0;"Gempa bumi dan update status adalah hal yg tidak bs dipisahkan # AnuNgawur";;;#;"947016997254045696";https://twitter.com/Nganuuuu/status/947016997254045696
;2017-12-30 14:46;0;0;"@ Teens_Fannie kamu itu kayak lempengan bumi ya, geser dikit aja bisa gempa.in hati aku.";;@;;"947010972543156224";https://twitter.com/IamStefantje/status/947010972543156224
;2017-12-30 14:23;0;0;"= INFO GEMPA = Telah Terjadi Gempa Bumi Pada : Tanggal : 30 Desember 2017 / Pukul 02.14 Wib. Kekuatan... https://fb.me/3uWN4nmkV";;;;"947005221800169472";https://twitter.com/scoop_pawang/status/947005221800169472
;2017-12-30 12:59;0;0;"Saya suka video @ YouTube http://youtu.be/f42-ZNemhAo?a Gempa bumi tanggal 15 desember 2017";;@;;"946984015629873153";https://twitter.com/udier144/status/946984015629873153
;2017-12-30 11:15;0;0;"Aku tak faham kenapa ada manusia yang bila kau berdiam diri masa marah pun still tak puas hati. "Tak baik pendam, luahkan" Kau betul-betul nak dengar ke gempa bumi 9.0 skala richter? "Asal nak marah-marah?" Kau expect, manusia lain takde perasaan untuk marah?";;;;"946957871127789568";https://twitter.com/lemylockhart/status/946957871127789568
;2017-12-30 11:12;0;0;"Rumah warga desa Pasung bekas gempa bumi 26 Mei 2006. Tema : Bangunan Tua _______________ :… https://www.instagram.com/p/BdUAJO5l5VT/";;;;"946957217600823296";https://twitter.com/InfoSeputarWedi/status/946957217600823296
;2017-12-30 11:03;4;3;"Bumi ini makin tua, Tuhan pun memberikan kesempatan kepada bumi untuk bernapas,sehingga terjadilah gempa di mana-mana. Apa lu pada udah mikirin bekal buat di akherat? Jangan keenakan";;;;"946954885714493446";https://twitter.com/ocehanboo/status/946954885714493446
;2017-12-30 10:52;0;0;"Ia mba tapi kena gempa bumi nya bareng2.";;;;"946952145957523456";https://twitter.com/kikibone26/status/946952145957523456
;2017-12-30 10:31;0;0;"kamu itu kayak lempengan bumi ya, geser dikit aja bisa gempa.in hati aku.";;;;"946946795833245696";https://twitter.com/kepoBTG/status/946946795833245696
;2017-12-30 10:01;0;0;"Bencana geologi : gempabumi, tsunami, letusan gunung berapi, dan tanah longsor.";;;;"946939257049907202";https://twitter.com/meteosphere/status/946939257049907202
;2017-12-30 09:56;0;0;"Gempa di Bengkulu Terasa Hingga ke Sumbar Selengkapnya : http://www.riau24.com/berita/baca/82842-gempa-di-bengkulu-terasa-hingga-ke-sumbar/ … # berita24 # riau24 # artikel24 # gempa # gempabumi # gempabengkulu # bengkulu # beritabengkulu # sumaterabarat # sumbar http://dlvr.it/Q88mxL pic.twitter.com/rIMh4ty84T";;;# # # # # # # # # #;"946937928315371520";https://twitter.com/Riau24Com/status/946937928315371520
;2017-12-30 09:44;0;0;"Dini Hari Tadi, Bengkulu Diguncang Gempa Berkekuatan 4,9 SR Selengkapnya : http://www.riau24.com/berita/baca/82838-dini-hari-tadi-bengkulu-diguncang-gempa-berkekuatan-49-sr/ … # berita24 # riau24 # artikel24 # bengkulu # beritabengkulu # gempabengkulu # gempabumi http://dlvr.it/Q88kdB pic.twitter.com/LqRZCTILiM";;;# # # # # # #;"946934909485981696";https://twitter.com/Riau24Com/status/946934909485981696
;2017-12-30 09:33;0;0;"Gempabumi 4.9 SR Terjadi di Bengkulu Sabtu Dini Hari https://www.cakrawala.co/2017/12/30/gempabumi-4-9-sr-terjadi-di-bengkulu-sabtu-dini-hari/ …pic.twitter.com/EaIV5hKrEc";;;;"946932233528541209";https://twitter.com/cakrawala_co/status/946932233528541209
;2017-12-30 07:31;0;0;"kamu itu kayak lempengan bumi ya, geser dikit aja bisa gempa.in hati aku.";;;;"946901430417293313";https://twitter.com/SetanKepo_/status/946901430417293313
;2017-12-30 07:08;0;0;"Apakah kebetulan ??? China Gempa Bumi 26 Juli 1976 Gujrat Gempa Bumi 26 Januari 2001. Tsunami di Samudra... https://fb.me/Kd5ycAuc";;;;"946895754634739713";https://twitter.com/GPS_GS/status/946895754634739713
;2017-12-30 07:05;0;0;"Gempa Bumi ditakuti, kalau gempa di hati?....";;;;"946894991476924416";https://twitter.com/atok_345/status/946894991476924416
;2017-12-30 06:53;0;0;"Gempa 4,9 SR Guncang Bengkulu: Sketsa#news.com, Jakarta – # Bengkulu_diguncang_gempa_bumi dini hari ini. Kekuatan gempa mencapai 4,9 Skala Richter (SR). Informasi tersebut disampaikan Badan ... http://dlvr.it/Q8842h pic.twitter.com/f23rfw6Hti";;;#news #;"946891854410166273";https://twitter.com/sketsanewscom/status/946891854410166273
;2017-12-30 06:25;0;0;"LGBT = Langsung Gempa, Bumi Terguncang! http://dlvr.it/Q87ybX pic.twitter.com/IIEbIfK3hs";;;;"946884819132100608";https://twitter.com/majelissirahcom/status/946884819132100608
;2017-12-30 05:56;0;0;"BABINSA BERSAMA ORMAS PEMUDA PANCASILA SALURKAN BANTUAN KORBAN BENCANA GEMPA BUMI http://dlvr.it/Q87qqL pic.twitter.com/IaIjU3Sxrh";;;;"946877520376299521";https://twitter.com/Dim0703cilacap/status/946877520376299521
;2017-12-30 05:09;0;0;"# SeismicHazard - Wikipedia https://en.wikipedia.org/wiki/Seismic_hazard … 震災 https://ja.wikipedia.org/wiki/%E9%9C%87%E7%81%BD … Category: # Earthquake and # SeismicRiskMitigation https://en.wikipedia.org/wiki/Category:Earthquake_and_seismic_risk_mitigation … رده:کاهش خطرات زمین‌لرزه https://fa.wikipedia.org/wiki/%D8%B1%D8%AF%D9%87:%DA%A9%D8%A7%D9%87%D8%B4_%D8%AE%D8%B7%D8%B1%D8%A7%D8%AA_%D8%B2%D9%85%DB%8C%D9%86%E2%80%8C%D9%84%D8%B1%D8%B2%D9%87 … Kategori: Mitigasi risiko gempa bumi dan seismik https://translate.google.com/translate?sl=en&tl=ms&js=y&prev=_t&hl=en&ie=UTF-8&u=https%3A%2F%2Fen.wikipedia.org%2Fwiki%2FCategory%3AEarthquake_and_seismic_risk_mitigation&edit-text=&act=url …";;;# # #;"946865906826723328";https://twitter.com/ADRIANSYSNET/status/946865906826723328
;2017-12-30 05:04;2;3;"30 Desember 2017, pada pukul 02:14:31 WIB, sebagian masyarakat Muko-muko Bengkulu dikejutkan dengan adanya goncangan gempabumi http://bit.ly/2ltETaj # gempamukomukopic.twitter.com/QZ0ySYwIlO";;;#;"946864524585349120";https://twitter.com/infobencana/status/946864524585349120
;2017-12-30 03:31;0;0;"kamu itu kayak lempengan bumi ya, geser dikit aja bisa gempa.in hati aku.";;;;"946841031021961216";https://twitter.com/cekFAV/status/946841031021961216
;2017-12-30 03:28;0;0;"Ni nak cakap sikit. Duduk kat kolej tu dalam bilik jangan nak melompat sana sini, orang bilik bawah ni rasa macam tgh kena gempa bumi dah ni & bising pulak tu. Macam dia sorang je nak study";;;;"946840412760694784";https://twitter.com/FtnFarhani/status/946840412760694784
;2017-12-30 03:18;0;0;"butuh waktu utk menganalisis ctatan gempa itu lo bung. agar informasi yg disebarkan mjadi akurat. contohnya tadi dari pemerhati gempabumi dari germany, mereka memprediksi dari kepulauan mentawai kemudian BMKG merilis bahwa pusatnya di MUKOMUKO. jadi pahamilah";;;;"946837788061605888";https://twitter.com/dayendrasasri94/status/946837788061605888
;2017-12-30 02:57;0;0;"Org laen kalo ping!aku di bbm cuma hpny yg geter kalo kamu yg ping, Cinta aku yan geter kaya gempa bumi @ Teens_Yori";;@;;"946832685225275392";https://twitter.com/YoriversFAMS_/status/946832685225275392
;2017-12-30 02:21;1;0;"bumi ne di goyang...alias lindu alis gempa";;;;"946823458461179904";https://twitter.com/guzminto/status/946823458461179904
;2017-12-30 02:15;0;0;"@ mi_ChristyChiBi kamu itu kayak lempengan bumi ya, geser dikit aja bisa gempa.in hati aku.";;@;;"946822070289100801";https://twitter.com/Dinakici/status/946822070289100801
;2017-12-30 01:51;0;2;"Penipu tak patut cerita 2012 ni. Bawak kereta je boleh elak segala rekahan kesan gempa bumi.";;;;"946815858172600320";https://twitter.com/_Khuzrin_/status/946815858172600320
;2017-12-30 01:46;0;0;"TSUNAMI,GEMPA BUMI! INILAH RAMALAN MENGERIKAN KI KUSUMO TAHUN 2018 https://youtu.be/fQ_qy9-EbSQ lewat @ YouTube";;@;;"946814707624579072";https://twitter.com/khalll_drogo/status/946814707624579072
;2017-12-30 00:55;0;0;"Gempa bumi sederhana gegar Kepulauan Nicobar https://liputankini.com/2017/12/29/gempa-bumi-sederhana-gegar-kepulauan-nicobar/ …pic.twitter.com/fKWuc6Hijn";;;;"946801977945739265";https://twitter.com/LiputanK/status/946801977945739265
;2017-12-29 23:43;0;0;"Gempa bumi sederhana gegar Kepulauan Nicobar http://gengataspagar.com/2017/12/29/gempa-bumi-sederhana-gegar-kepulauan-nicobar/ …pic.twitter.com/30mKeHtJiU";;;;"946783753216475136";https://twitter.com/gengataspagar/status/946783753216475136
;2017-12-29 23:34;0;0;"Gempa bumi sederhana gegar Kepulauan Nicobar http://www.medialantang.com/2017/12/29/gempa-bumi-sederhana-gegar-kepulauan-nicobar/ …pic.twitter.com/6kiemkN7vS";;;;"946781440049520645";https://twitter.com/MediaLantang/status/946781440049520645
;2017-12-29 23:18;0;0;"Gempa bumi sederhana gegar Kepulauan Nicobar http://dlvr.it/Q85hjx pic.twitter.com/L3FYH7IPMy";;;;"946777360593850368";https://twitter.com/swadayasrikandi/status/946777360593850368
;2017-12-29 22:47;0;0;"Gempa bumi sederhana gegar Kepulauan Nicobar http://dlvr.it/Q85Vnw pic.twitter.com/jANcgsaB1v";;;;"946769555531055104";https://twitter.com/mayadejendela/status/946769555531055104
;2017-12-29 22:46;0;0;"Gempa bumi sederhana gegar Kepulauan Nicobar https://fb.me/2wKOoiFSB";;;;"946769474681581569";https://twitter.com/mayadejendela/status/946769474681581569
;2017-12-29 22:43;0;0;"Hahaha mana ada, aku on je klu member ajak, kecuali hujan, roadblock, gempa bumi, atau aku malas.. selebihnya terserah takdir dan ketentuan..";;;;"946768675763232768";https://twitter.com/didielondreks_/status/946768675763232768
;2017-12-29 22:41;0;0;"Rekaman CCTV Saat Gempa Bumi Aceh 7 Desember 2016: http://youtu.be/I87jXHbmdjE?a via @ YouTube";;@;;"946768265686192128";https://twitter.com/dellaberry95/status/946768265686192128
;2017-12-29 21:55;0;0;"Aku Memohon Pada Tuhanku, Kiranya Tanjungbalai Dijauhkan Dari Gempa Bumi Dan Bencana Alam Lainnya..!";;;;"946756662139936768";https://twitter.com/scoop_pawang/status/946756662139936768
;2017-12-29 21:51;0;0;"Gempa bumi sederhana gegar Kepulauan Nicobar http://ift.tt/2BQN0o9 pic.twitter.com/U5GxUfpXfl";;;;"946755622208507904";https://twitter.com/TigaPara/status/946755622208507904
;2017-12-29 21:27;0;0;"2.341 kejadian bencana selama tahun 2017. Banjir (787), puting beliung (716), tanah longsor (614), karhutla (96), banjir dan tanah longsor (76), kekeringan (19), gempabumi (20), gelombang pasang dan abrasi (11), dan letusan gunungapi (2). # Bencana2017";;;#;"946749435643543552";https://twitter.com/infobencana/status/946749435643543552
;2017-12-29 21:16;0;0;"@ Teens_Fannie kamu itu kayak lempengan bumi ya, geser dikit aja bisa gempa.in hati aku.";;@;;"946746787720716288";https://twitter.com/IamStefantje/status/946746787720716288
;2017-12-29 21:05;0;0;"# AWANInews # HariIni8 Gempa bumi sederhana gegar Kepulauan Nicobar http://www.astroawani.com/berita-dunia/gempa-bumi-sederhana-gegar-kepulauan-nicobar-164273 …pic.twitter.com/YCRv3YC4V0";;;# #;"946743940946059267";https://twitter.com/mat4g13/status/946743940946059267
;2017-12-29 21:04;0;0;"# AWANInews # HariIni8 Gempa bumi sederhana gegar Kepulauan Nicobar http://www.astroawani.com/berita-dunia/gempa-bumi-sederhana-gegar-kepulauan-nicobar-164273 …pic.twitter.com/8qc5sdOG60";;;# #;"946743631926452225";https://twitter.com/AkbarrShah/status/946743631926452225
;2017-12-29 21:01;9;16;"# AWANInews # HariIni8 Gempa bumi sederhana gegar Kepulauan Nicobar http://www.astroawani.com/berita-dunia/gempa-bumi-sederhana-gegar-kepulauan-nicobar-164273 …pic.twitter.com/Jt4QfovGtr";;;# #;"946742909834952704";https://twitter.com/501Awani/status/946742909834952704
;2017-12-29 20:44;0;0;"Gempa bumi sederhana gegar Kepulauan Nicobar http://bit.ly/2C9Syys";;;;"946738657247023104";https://twitter.com/beritamy/status/946738657247023104
;2017-12-29 20:07;2;3;"Gempa bumi sederhana gegar Kepulauan Nicobar http://bit.ly/2zMbw85 pic.twitter.com/aROGgPREFr";;;;"946729415139926016";https://twitter.com/SinarOnline/status/946729415139926016
;2017-12-29 20:06;0;0;"Gempa bumi sederhana gegar Kepulauan Nicobar http://bit.ly/2ls1gwP";;;;"946729095626416128";https://twitter.com/mat4g13/status/946729095626416128
;2017-12-29 20:04;0;0;"Gempa bumi sederhana gegar Kepulauan Nicobar http://bit.ly/2ls1gwP";;;;"946728698681597953";https://twitter.com/bernamadotcom/status/946728698681597953
;2017-12-29 20:04;1;1;"Sapa yg prnh lalui gempa bumi tu, automatic badan jd lagi alert. Gegar skit pun rsaaa https://twitter.com/MajalahMastika/status/944894126742310912 …";;;;"946728566049226752";https://twitter.com/PowieSarah/status/946728566049226752
;2017-12-29 20:00;0;0;"kamu itu kayak lempengan bumi ya, geser dikit aja bisa gempa.in hati aku. # FF @FatinSLQuotes";;@FatinSLQuotes;#;"946727676169003008";https://twitter.com/RikaPuspitaJKT/status/946727676169003008
;2017-12-29 19:58;0;0;"Posisi 2, Gempa Bumi Menguncang Mesiko pada September 2017 pic.twitter.com/5gc1XGmzmy";;;;"946727109757624320";https://twitter.com/limjingyuan/status/946727109757624320
;2017-12-29 19:56;5;8;"Gempa bumi sederhana berukuran 5.3 pada skala Richter menggegarkan Kepulauan Nicobar pada pukul 7.29 malam tadi. Menurut Jabatan Meteorologi Malaysia, gempa bumi itu berpusat di 889 kilometer dari barat laut Langkawi, Kedah dan tidak menimbulkan ancaman tsunami.";;;;"946726546315796480";https://twitter.com/bernamaradio/status/946726546315796480
;2017-12-29 19:34;0;0;"Gempa Bumi dan Erupsi Gunung di Tahun 2017, Negara Dirugikan Hingga Puluhan Triliun Rupiah - https://nuansajambi.com/2017/12/29/gempa-bumi-dan-erupsi-gunung-di-tahun-2017-negara-dirugikan-hingga-puluhan-triliun-rupiah-2/ …pic.twitter.com/Sb4z6Zs6I7";;;;"946721033423224832";https://twitter.com/nuansajambi/status/946721033423224832
;2017-12-29 19:33;0;0;"Gempa Bumi dan Erupsi Gunung di Tahun 2017, Negara Dirugikan Hingga Puluhan Triliun Rupiah - https://nuansajambi.com/2017/12/29/gempa-bumi-dan-erupsi-gunung-di-tahun-2017-negara-dirugikan-hingga-puluhan-triliun-rupiah/ …pic.twitter.com/huext153C8";;;;"946720942713012225";https://twitter.com/nuansajambi/status/946720942713012225
;2017-12-29 19:33;0;0;"Gempa Bumi Melanda Taiwan # gempa, # taiwan, # berita24, @ berita24https://www.youtube.com/watch?v=SteK-h1xsF4 …";;@;# # #;"946720903253041153";https://twitter.com/indahpgs/status/946720903253041153
;2017-12-29 18:12;0;0;"Gempa Bumi 4,1 SR Guncang Kepulauan Tanimbar https://goo.gl/fb/5Sydxu # lelemuku # bencana # bmkg # gempabumi # kecamatanmolumaru";;;# # # # #;"946700354795769856";https://twitter.com/Buru_ID/status/946700354795769856
;2017-12-29 18:04;0;0;"Cakap dengan sedara, Best tak kerja dekat sarawak ? Dia cakap "Best, tapi takut juga laa" . i tanya dia apa yang takut ? "part gunung berapi terasa gegar macam gempa bumi". Dan aku pulak "Oyeke, ok laa takpe"";;;;"946698489202851840";https://twitter.com/nurzetttyy/status/946698489202851840
;2017-12-29 18:01;0;0;"kamu itu kayak lempengan bumi ya, geser dikit aja bisa gempa.in hati aku.";;;;"946697611360198656";https://twitter.com/DJTerselubung/status/946697611360198656
;2017-12-29 17:58;0;0;"Gempa Bumi 4,1 SR Guncang Kepulauan Tanimbar https://goo.gl/fb/pf5mVk # berita # terbaru # bencana # bmkg # gempabumi # kecamatanmolumaru";;;# # # # # #;"946696921757954048";https://twitter.com/BeritaLelemuku/status/946696921757954048
;2017-12-29 17:57;0;0;"Gempa Bumi 4,1 SR Guncang Kepulauan Tanimbar https://goo.gl/fb/uHA7ZH # lelemukucom # bencana # bmkg # gempabumi # kecamatanmolumaru";;;# # # # #;"946696592257683456";https://twitter.com/Lelemuku_/status/946696592257683456
;2017-12-29 17:55;0;0;"Gempa Bumi 4,1 SR Guncang Kepulauan Tanimbar https://goo.gl/fb/QxA9RB # lelemuku # bencana # bmkg # gempabumi # kecamatanmolumaru";;;# # # # #;"946696044737368064";https://twitter.com/Sula_ID/status/946696044737368064
;2017-12-29 17:50;0;0;"Gempa Bumi 4,1 SR Guncang Kepulauan Tanimbar https://goo.gl/fb/c3CTFL # lelemuku # bencana # bmkg # gempabumi # kecamatanmolumaru";;;# # # # #;"946694994953474048";https://twitter.com/MalukuUtara_ID/status/946694994953474048
;2017-12-29 17:50;0;0;"Gempa Bumi 4,1 SR Guncang Kepulauan Tanimbar https://goo.gl/fb/uNsddy # breaking # news # bencana # bmkg # gempabumi";;;# # # # #;"946694917950181376";https://twitter.com/HarianMaluku/status/946694917950181376
;2017-12-29 17:48;0;0;"Gempa Bumi 4,1 SR Guncang Kepulauan Tanimbar https://goo.gl/fb/ynbs4A # lelemuku # bencana # bmkg # gempabumi # kecamatanmolumaru";;;# # # # #;"946694285918949376";https://twitter.com/BuruSelatan_ID/status/946694285918949376
;2017-12-29 17:46;0;0;"Gempa Bumi 4,1 SR Guncang Kepulauan Tanimbar https://goo.gl/fb/CQyrNp # lelemuku # bencana # bmkg # gempabumi # kecamatanmolumaru";;;# # # # #;"946693778299121664";https://twitter.com/SBB_ID/status/946693778299121664
;2017-12-29 17:44;0;0;"Gempa Bumi 4,1 SR Guncang Kepulauan Tanimbar https://goo.gl/fb/6tVdvN # lelemuku # bencana # bmkg # gempabumi # kecamatanmolumaru";;;# # # # #;"946693305059958784";https://twitter.com/MalukuID/status/946693305059958784
;2017-12-29 17:44;0;1;"Gempa Bumi 4,1 SR Guncang Kepulauan Tanimbar https://goo.gl/fb/MQyhFW # berita # breaking # bencana # bmkg # gempabumi";;;# # # # #;"946693300727271424";https://twitter.com/PapuaMaluku/status/946693300727271424
;2017-12-29 17:43;0;0;"Gempa Bumi 4,1 SR Guncang Kepulauan Tanimbar https://goo.gl/fb/Z8khzf # lelemuku # bencana # bmkg # gempabumi # kecamatanmolumaru";;;# # # # #;"946693215427682310";https://twitter.com/Tidore_ID/status/946693215427682310
;2017-12-29 17:43;0;0;"Gempa Bumi 4,1 SR Guncang Kepulauan Tanimbar https://goo.gl/fb/6wEGKe # lelemuku # bencana # bmkg # gempabumi # kecamatanmolumaru";;;# # # # #;"946693185845235712";https://twitter.com/Malra_ID/status/946693185845235712
;2017-12-29 17:43;0;0;"Gempa Bumi 4,1 SR Guncang Kepulauan Tanimbar https://goo.gl/fb/8h85T2";;;;"946693044769886209";https://twitter.com/Berita_Maluku/status/946693044769886209
;2017-12-29 17:36;0;0;"Gempa Bumi 4,1 SR Guncang Kepulauan Tanimbar https://goo.gl/fb/JkH8tM # lelemuku # bencana # bmkg # gempabumi # kecamatanmolumaru";;;# # # # #;"946691495448457216";https://twitter.com/MTB_ID/status/946691495448457216
;2017-12-29 17:33;0;0;"Gempa Bumi 4,1 SR Guncang Kepulauan Tanimbar https://goo.gl/fb/St5H2q # lelemuku # bencana # bmkg # gempabumi # kecamatanmolumaru";;;# # # # #;"946690715878395905";https://twitter.com/HALBAR_ID/status/946690715878395905
;2017-12-29 17:32;0;0;"Gempa Bumi 4,1 SR Guncang Kepulauan Tanimbar https://goo.gl/fb/uc7KX5 # lelemuku # bencana # bmkg # gempabumi # kecamatanmolumaru";;;# # # # #;"946690415914356737";https://twitter.com/MalukuTengah_ID/status/946690415914356737
;2017-12-29 17:32;0;0;"Gempa Bumi 4,1 SR Guncang Kepulauan Tanimbar https://goo.gl/fb/XZrXpC # lelemuku # bencana # bmkg # gempabumi # kecamatanmolumaru";;;# # # # #;"946690408708534273";https://twitter.com/Morotai_ID/status/946690408708534273
;2017-12-29 17:31;0;0;"Gempa Bumi 4,1 SR Guncang Kepulauan Tanimbar https://goo.gl/fb/6Lo5WH # lelemuku # bencana # bmkg # gempabumi # kecamatanmolumaru";;;# # # # #;"946690080919441408";https://twitter.com/Tual_ID/status/946690080919441408
;2017-12-29 17:27;0;0;"Gempa Bumi 4,1 SR Guncang Kepulauan Tanimbar https://goo.gl/fb/ns1zJb # lelemuku # bencana # bmkg # gempabumi # kecamatanmolumaru";;;# # # # #;"946689120692244480";https://twitter.com/Taliabu_ID/status/946689120692244480
;2017-12-29 17:26;0;0;"Gempa Bumi 4,1 SR Guncang Kepulauan Tanimbar https://goo.gl/fb/UfxYHp # lelemuku # bencana # bmkg # gempabumi # kecamatanmolumaru";;;# # # # #;"946688771382181888";https://twitter.com/KepulauanAru_ID/status/946688771382181888
;2017-12-29 17:21;0;0;"Gempa Bumi 4,1 SR Guncang Kepulauan Tanimbar: SAUMLAKI, http://LELEMUKU.COM … https://goo.gl/fb/aw9FM9 # breaking # lelemuku";;;# #;"946687636378411008";https://twitter.com/KoranMaluku/status/946687636378411008
;2017-12-29 17:19;0;0;"Gempa Bumi 4,1 SR Guncang Kepulauan Tanimbar https://goo.gl/fb/BcCt81 # berita # terbaru # bencana # bmkg # gempabumi # kecamatanmolumaru";;;# # # # # #;"946687179664830464";https://twitter.com/RadarMaluku/status/946687179664830464
;2017-12-29 17:16;0;0;"Gempa Bumi 4,1 SR Guncang Kepulauan Tanimbar https://goo.gl/fb/HyC7rz # lelemuku # bencana # bmkg # gempabumi";;;# # # #;"946686408806281216";https://twitter.com/KotaAmbon_ID/status/946686408806281216
;2017-12-29 17:15;0;0;"Gempa Bumi 4,1 SR Guncang Kepulauan Tanimbar https://goo.gl/fb/m97sjt # lelemuku # bencana # bmkg # gempabumi # kecamatanmolumaru";;;# # # # #;"946686167394717696";https://twitter.com/HALBAR_ID/status/946686167394717696
;2017-12-29 17:09;0;0;"Gempa Bumi 4,1 SR Guncang Kepulauan Tanimbar https://goo.gl/fb/MTRejE # lelemuku # bencana # bmkg # gempabumi # kecamatanmolumaru";;;# # # # #;"946684605624614913";https://twitter.com/Ternate_ID/status/946684605624614913
;2017-12-29 17:07;0;0;"Gempa Bumi 4,1 SR Guncang Kepulauan Tanimbar https://goo.gl/fb/NvKhpW # berita # news # info # bencana # bmkg # gempabumi # kecamatanmolumaru";;;# # # # # # #;"946683964210798592";https://twitter.com/Batlaxcom/status/946683964210798592
;2017-12-29 17:04;0;0;"Gempa Bumi 4,1 SR Guncang Kepulauan Tanimbar https://goo.gl/fb/ibnvV4 # lelemuku # bencana # bmkg # gempabumi # kecamatanmolumaru";;;# # # # #;"946683309836455936";https://twitter.com/SBT_ID/status/946683309836455936
;2017-12-29 17:01;0;0;"Gempa Bumi 4,1 SR Guncang Kepulauan Tanimbar: SAUMLAKI, http://LELEMUKU.COM - Sebuah aktivitas seismik… https://goo.gl/fb/5jK3MC # lelemuku # berita";;;# #;"946682622570266624";https://twitter.com/TanimbarID/status/946682622570266624
;2017-12-29 16:59;0;0;"Gempa Bumi 4,1 SR Guncang Kepulauan Tanimbar https://goo.gl/fb/a5L9n8 # lelemuku # bencana # bmkg # gempabumi # kecamatanmolumaru";;;# # # # #;"946682160567783424";https://twitter.com/Haltim_ID/status/946682160567783424
;2017-12-29 16:55;0;0;"Gempa Bumi 4,1 SR Guncang Kepulauan Tanimbar https://goo.gl/fb/aVAdQW # lelemuku # bencana # bmkg # gempabumi # kecamatanmolumaru";;;# # # # #;"946681164525457408";https://twitter.com/Halut_ID/status/946681164525457408
;2017-12-29 16:54;0;0;"Gempa Bumi 4,1 SR Guncang Kepulauan Tanimbar https://goo.gl/fb/7yzaeH # lelemuku # bencana # bmkg # gempabumi # kecamatanmolumaru";;;# # # # #;"946680777302999040";https://twitter.com/HalTeng_ID/status/946680777302999040
;2017-12-29 16:40;0;0;"Tahun 2009 ada anime jepang menceritakan gempa bumi, judulnya Tokyo Magnitude 8,0. Ternyata terjadi gempa di Jepang. Mungkin kebetulan";;;;"946677402477912064";https://twitter.com/infotaku_/status/946677402477912064
;2017-12-29 16:31;0;0;"kamu itu kayak lempengan bumi ya, geser dikit aja bisa gempa.in hati aku.";;;;"946675025846792192";https://twitter.com/FJBBali/status/946675025846792192
;2017-12-29 15:32;0;1;"LGBT = Longsor Gempabumi Banjir dan Tsunami (Sutopo Purwonugroho)";;;;"946660178874720256";https://twitter.com/UtamaWibawa/status/946660178874720256
;2017-12-29 15:10;0;0;"Gempa bumi dan update status adalah hal yg tidak bs dipisahkan # AnuNgawur";;;#;"946654604225167360";https://twitter.com/Nganuuuu/status/946654604225167360
;2017-12-29 13:27;0;0;"BULAN SEBABKAN BENCANA GEMPA DAHSYAT, INI BUKTINYA.... Menurut penelitian terbaru, bencana gempa bumi dahsyat... https://fb.me/72HIZFT4x";;;;"946628675260375040";https://twitter.com/cnm_saw/status/946628675260375040
;2017-12-29 13:18;0;0;"BULAN SEBABKAN BENCANA GEMPA DAHSYAT, INI BUKTINYA.... Menurut penelitian terbaru, bencana gempa bumi dahsyat... https://fb.me/3ezb40KpS";;;;"946626450190454784";https://twitter.com/sumberita_id/status/946626450190454784
;2017-12-29 13:15;0;0;"@ mi_ChristyChiBi kamu itu kayak lempengan bumi ya, geser dikit aja bisa gempa.in hati aku.";;@;;"946625713234251777";https://twitter.com/Dinakici/status/946625713234251777
;2017-12-29 12:28;0;0;"Waspada LGBT! Longsor. Gempa Bumi. Tanah longsor.";;;;"946613901868744704";https://twitter.com/manoressytobias/status/946613901868744704
;2017-12-29 12:04;0;0;"Semoga Bumi-ku dijauhkan dari segala marabahaya; longsor, gempa bumi, banjir dan tsunami.";;;;"946607828298481665";https://twitter.com/akunlinglung/status/946607828298481665
;2017-12-29 12:01;0;0;"kamu itu kayak lempengan bumi ya, geser dikit aja bisa gempa.in hati aku.";;;;"946606991178317825";https://twitter.com/MentariStephani/status/946606991178317825
;2017-12-29 10:50;0;0;"Gempa bumi lagi,,, # KabupatenTalaud @ kurniasarimelo2";;@;#;"946589118125039616";https://twitter.com/KurniasariMelo2/status/946589118125039616
;2017-12-29 10:30;3;2;"Mendidik masyarakat mengenai bahaya gempa bumi dan upaya penyelamatan diri saat gempa bumi terjadi bisa mengurangi risiko yang ditimbulkan oleh bencana gempa bumi @ PlanIndonesiapic.twitter.com/DwS1vjhoJc";;@;;"946584088156278785";https://twitter.com/SonoraFM92/status/946584088156278785
;2017-12-29 10:01;0;0;"Bencana geologi : gempabumi, tsunami, letusan gunung berapi, dan tanah longsor.";;;;"946576892806569984";https://twitter.com/meteosphere/status/946576892806569984
;2017-12-29 09:58;0;0;"Jangan Panik! Saat Gempa Bumi Terjadi, Lakukan 7 Tips Ini Untuk Menyelamatkan Diri http://www.hxkzedu.com/jangan-panik-saat-gempa-bumi-terjadi-lakukan-7-tips-ini-untuk-menyelamatkan-diri/ …";;;;"946576077886980103";https://twitter.com/ameliaanjelina1/status/946576077886980103
;2017-12-29 09:57;0;0;"Jangan Panik! Saat Gempa Bumi Terjadi, Lakukan 7 Tips Ini Untuk Menyelamatkan Diri http://www.hxkzedu.com/jangan-panik-saat-gempa-bumi-terjadi-lakukan-7-tips-ini-untuk-menyelamatkan-diri/ …";;;;"946575988237963265";https://twitter.com/hxkzedu/status/946575988237963265
;2017-12-29 09:38;2;3;"Maju tidaknya negara itu lebih ditentukan oleh cara berpikir masyarakatnya pak, bukan cuma infrastrukturnya. Kalau masih banyak yg percaya bumi itu datar dan LGBT bisa bikin gempa, ya jangan harap bisa jadi negara maju.";;;;"946571045846376448";https://twitter.com/DeadlockHeaven/status/946571045846376448
;2017-12-29 09:35;0;0;"Warga Sangihe Rasakan Gempa Bumi 5.7 SR – Berita Terbaru https://seputarindonesia.org/warga-sangihe-rasakan-gempa-bumi-5-7-sr-berita-terbaru.html …";;;;"946570240615469058";https://twitter.com/tvindonesiaid/status/946570240615469058
;2017-12-29 09:35;0;0;"Warga Sangihe Rasakan Gempa Bumi 5.7 SR – Berita Terbaru https://seputarindonesia.org/warga-sangihe-rasakan-gempa-bumi-5-7-sr-berita-terbaru.html …";;;;"946570222567292929";https://twitter.com/beritahariiini/status/946570222567292929
;2017-12-29 09:33;0;0;"Info Terbaru (Warga Sangihe Rasakan Gempa Bumi 5.7 SR) has been published on Info ... - http://www.infomenarik-terbaru.com/warga-sangihe-rasakan-gempa-bumi-5-7-sr/ … jangan lupa kunjungi ya sobpic.twitter.com/xMowH9o8ZS";;;;"946569783096631302";https://twitter.com/moses_faris/status/946569783096631302
;2017-12-29 09:31;0;0;"kamu itu kayak lempengan bumi ya, geser dikit aja bisa gempa.in hati aku.";;;;"946569246724653056";https://twitter.com/TweetnesianID/status/946569246724653056
;2017-12-29 09:26;0;0;"New post (Warga Sangihe Rasakan Gempa Bumi 5.7 SR) has been published on Berita Menarik Terbaru - http://www.terbaru.biz/warga-sangihe-rasakan-gempa-bumi-5-7-sr/ …pic.twitter.com/7muWvZ3JDs";;;;"946568126648348672";https://twitter.com/moses_faris/status/946568126648348672
;2017-12-29 09:01;0;0;"kamu itu kayak lempengan bumi ya, geser dikit aja bisa gempa.in hati aku.";;;;"946561657550934016";https://twitter.com/penikmattkopi/status/946561657550934016
;2017-12-29 08:31;0;0;"Semangat lah list 2018 resolution nak sampai puncak Gunung Kinabalu. Malangnya dah fully booked sampai hujung tahun tegal gempa bumi hariya so panjang gik queue tul tunggu jak lah 2019";;;;"946554293552738304";https://twitter.com/atulibrahimmm/status/946554293552738304
;2017-12-29 08:00;0;0;"kamu itu kayak lempengan bumi ya, geser dikit aja bisa gempa.in hati aku.";;;;"946546551832305664";https://twitter.com/MorningBandung/status/946546551832305664
;2017-12-29 06:06;0;0;"190 Ketiga, azab Tuhan turun untuk menghancurkan penduduk Sadom dengan gempa bumi disertai hujan batu. Azab tersebut menjadikan pengikut Nabi Luth yang maksiat mati tertimbun runtuhan bangunan dan batu.";;;;"946517779779223552";https://twitter.com/MasLoemi/status/946517779779223552
;2017-12-29 05:53;2;0;"Gempa 5,7 SR Guncang Kepulauan Talaud https://daerah.sindonews.com/read/1269501/193/gempa-57-sr-guncang-kepulauan-talaud-1514485442 … Gempa bumi berkekuatan 5,7 Skala Richter (SR) mengguncang Kepulauan Talaud, Sulawesi Utara, Jumat (29/12/2017) ini.";;;;"946514407202480128";https://twitter.com/infobencana/status/946514407202480128
;2017-12-29 04:58;0;0;"Mohon maaf. Tadi saya merasakan spt ada gempa bumi di ngamprah kab.bandung barat? Apa ada gempa ya";;;;"946500538161442816";https://twitter.com/wikhard/status/946500538161442816
;2017-12-29 04:53;0;0;"Siaran Pers: Siaran Pers Gempabumi Talaud - Sulawesi Utara, Jum'at, 29 Desember 2017, 00.20.21 WIB http://www.bmkg.go.id/press-release/?p=siaran-pers-gempabumi-talaud-sulawesi-utara-jumat-29-desember-2017-00-20-21-wib&lang=ID …";;;;"946499283359903744";https://twitter.com/humasBMKG/status/946499283359903744
;2017-12-29 04:31;0;0;"kamu itu kayak lempengan bumi ya, geser dikit aja bisa gempa.in hati aku.";;;;"946493757653839872";https://twitter.com/QuizKepo/status/946493757653839872
;2017-12-29 03:52;0;0;"Gempa Bumi Guncang Kepulauan Talaud Sulawesi https://beritajowo.com/news/detail/2821/Gempa-Bumi-Guncang-Kepulauan-Talaud-Sulawesi#.WkVZpXZKNIY.twitter …";;;#;"946484138659287040";https://twitter.com/cipirifki1/status/946484138659287040
;2017-12-29 03:52;0;0;"Lihat info apa yang saya bagikan: Gempa Bumi Guncang Kepulauan Talaud Sulawesi @ MIUI | https://beritajowo.com/news/detail/2821/Gempa-Bumi-Guncang-Kepulauan-Talaud-Sulawesi …";;@;;"946483989920882689";https://twitter.com/cipirifki1/status/946483989920882689
;2017-12-29 03:46;0;0;"@ Teens_Fannie kamu itu kayak lempengan bumi ya, geser dikit aja bisa gempa.in hati aku.";;@;;"946482464674816000";https://twitter.com/IamStefantje/status/946482464674816000
;2017-12-29 03:33;0;0;"Gempa Bumi Guncang Kepulauan Talaud Sulawesi: http://beritajowo.com // Talaud- Kepulauan Talaud… https://goo.gl/fb/3YPJVS";;;;"946479183454195712";https://twitter.com/beritajowo/status/946479183454195712
;2017-12-29 03:28;0;0;"Org laen kalo ping!aku di bbm cuma hpny yg geter kalo kamu yg ping, Cinta aku yan geter kaya gempa bumi @ Teens_Yori";;@;;"946477860813864960";https://twitter.com/YoriversFAMS_/status/946477860813864960
;2017-12-29 01:51;0;0;"Jangan ah perut aku dah bergetar macam ada gempa bumi ni";;;;"946453573042241536";https://twitter.com/jasminyglapar/status/946453573042241536
;2017-12-29 01:24;0;0;"kamu itu kayak lempengan bumi ya, geser dikit aja bisa gempa.in hati aku.";;;;"946446890219945984";https://twitter.com/hendra_fix/status/946446890219945984
;2017-12-29 01:00;0;0;"kamu itu kayak lempengan bumi ya, geser dikit aja bisa gempa.in hati aku.";;;;"946440774069116928";https://twitter.com/MentionFatin/status/946440774069116928
;2017-12-29 00:50;8;20;"Strong # earthquake ( # gempa, # lindol) Mww=5.7 - 22 KM East of # Lirung, # Indonesia. Depth: 53.6 KM. More info at: https://on.doi.gov/2zJSqzC |<. # EQVT, # GempaBumi. pic.twitter.com/hq3dDSzsei";;;# # # # # # #;"946438174557040640";https://twitter.com/earthquakevt/status/946438174557040640
;2017-12-29 00:22;0;0;"GEMPA BUMI...!!!";;;;"946431207394430977";https://twitter.com/StevenAling/status/946431207394430977
;2017-12-29 00:15;0;0;"@ mi_ChristyChiBi kamu itu kayak lempengan bumi ya, geser dikit aja bisa gempa.in hati aku.";;@;;"946429418884313088";https://twitter.com/Dinakici/status/946429418884313088
;2017-12-28 23:24;0;0;"Gempa Bumi Guncang Bursel, Warga Panik - http://kabartimur.co.id/detail/indeks/utama/13970-Gempa-Bumi-Guncang-Bursel-Warga-Panik …";;;;"946416490047143936";https://twitter.com/katimonline/status/946416490047143936
;2017-12-28 23:06;133;225;"Tidak akan terjadi Kiamat sampai sering terjadinya bencana gempa bumi dimana-mana. [HR. Bukhari]";;;;"946412006461997057";https://twitter.com/TweetIslamik/status/946412006461997057
;2017-12-28 22:48;0;0;"Luh kira gempa bumi ?";;;;"946407475137277953";https://twitter.com/kimseouIa/status/946407475137277953
;2017-12-28 22:47;0;0;"Sebab bgs akan bangkit melawan bgs dn kerajaan melawan kerajaan. Akan ada kelaparan dan gempa bumi diberbagai tempat. Akan tetapi semuanya itu merupakan permulaan penderitaan menjelang jaman baru. https://twitter.com/loan_mil/status/946401230426750977 …";;;;"946407370636140546";https://twitter.com/loan_mil/status/946407370636140546
;2017-12-28 22:30;1;0;"Owh sebab tu tetiba ada gempa bumi, lepas tu gunung berapi meletus https://twitter.com/AshXOTWOD/status/946400407760224259 …";;;;"946402924036472837";https://twitter.com/FarrellFaiz/status/946402924036472837
;2017-12-28 21:35;0;0;"Masa tu dia baru keluar rumah kot. And berapa saat gempa bumi baru tsunami datang. Diorang pelik kenapa ada air naik. Sebab kat sana tak pernah banjir macam tu sekali.";;;;"946389068329263105";https://twitter.com/faizkhaldun/status/946389068329263105
;2017-12-28 21:12;0;0;"http://sollyez.com : Gempa 4,4 SR Terjadi di Buru Selatan: Gempa bumi berkekuatan 4,4 skala… https://goo.gl/fb/6nmf1H";;;;"946383266378022913";https://twitter.com/sollyez/status/946383266378022913
;2017-12-28 21:11;0;0;"Gempa 4,4 SR Terjadi di Buru Selatan: Gempa bumi berkekuatan 4,4 skala Richter (SR) terjadi… https://goo.gl/fb/7a9mgD";;;;"946383158345371649";https://twitter.com/_wistu/status/946383158345371649
;2017-12-28 21:05;4;7;"Bila aku jwb ad mna, tny pulak dgn sapa. Bila aku kata sorang tkmau percaya. Lepas tu dok twist belah lain nk cr pasai. Time aku tkmau reply bila aku kt luaq, call mcm ada gempa bumi. Bila dh reply, cari pasai. Nak ap pun tktau.";;;;"946381711654268929";https://twitter.com/AshrilNizammm/status/946381711654268929
;2017-12-28 20:15;0;0;"#Gempa 4,4 SR Terjadi di Buru Selatan - Gempa bumi berkekuatan 4,4 skala Richter (SR) terjadi di Kabupaten Buru Selatan, Maluku. Gempa ini tak berpotensi menimbulkan gelombang tsunami. http://ow.ly/VThH50fWeke";;;#Gempa;"946368982403158016";https://twitter.com/jogjacoret/status/946368982403158016
;2017-12-28 20:05;0;0;"Di daerah tumbukan lempeng tektonik sering terjadi gempa bumi karena terbentuknya zona sesar (patahan) baru.";;;;"946366379497701378";https://twitter.com/Geografi_HM/status/946366379497701378
;2017-12-28 19:50;0;1;"sejak instal aplikasi @ infoBMKG, jadi tau kalo hampir tiap hari ada gempa bumi di Indonesia.";;@;;"946362697666379776";https://twitter.com/bbpradipta/status/946362697666379776
;2017-12-28 19:02;0;1;"Skrng enjoy dulu dgn dia nya swim lesson okie nasib dia tk belajar muay thai ke apa dkt dlm, silap2 perut you mcm gempa bumi nnt Tapi perut you nmpk like it's already full weeks sey hehehe";;;;"946350616212729857";https://twitter.com/in44jvn3__/status/946350616212729857
;2017-12-28 18:45;0;0;"(G.C) Astaga......... Ponselku tak berhenti gempa bumi.";;;;"946346439092957184";https://twitter.com/JuliettaJrv/status/946346439092957184
;2017-12-28 18:41;0;0;"Gempa bumi sedang marak.. hmmm... https://twitter.com/TeladanRasul/status/946334960969043968 …";;;;"946345427531472896";https://twitter.com/PheeiPhee/status/946345427531472896
;2017-12-28 17:00;3;9;"Untuk bantu pemulihan industri wisata di Sanriku, Jepang stlh gempa bumi & tsunami, # KITKAT kemasan khusus dpt digunakan sbg tiket selama 2014-2015. KITKAT juga mendekorasi kereta & stasiun dgn lukisan bunga sakura, yg lambangkan harapan bagi masyarakat Jepang. # ThrowBackThursdaypic.twitter.com/XGc2B0wm4I";;;# #;"946319817065226240";https://twitter.com/Nestle_IDN/status/946319817065226240
;2017-12-28 16:25;0;2;"Keseluruhan tebing-tebing dibukit2 diseluruh Malaysia yg sentiasa ingin runtuh akibat hakisan2air hujan,gempabumi,ribut taufan dll wajiblah ditereskan bertingkat-tingkat & keseluruhan pokok2besar itu ditebang demi keselamatan keseluruhan pemandu2yg sedang bertugas menjana ekonomi";;;;"946311009370697728";https://twitter.com/JinnieAlladin/status/946311009370697728
;2017-12-28 16:00;0;0;"kamu itu kayak lempengan bumi ya, geser dikit aja bisa gempa.in hati aku. # JuneWish";;;#;"946304842913366017";https://twitter.com/HaloMbakDesi/status/946304842913366017
;2017-12-28 15:50;0;0;"Elok la we ada garisan khatulistiwa..aku punya macam baru lepas gempa bumi beb;-)";;;;"946302342537928704";https://twitter.com/SolLeehin_/status/946302342537928704
;2017-12-28 15:14;2;4;"Di beberapa wilayah terutama yang rawan terjadinya gempa bumi dan tsunami telah terpasang sirine.";;;;"946293274435772416";https://twitter.com/InfoHumasBMKG/status/946293274435772416
;2017-12-28 15:10;0;0;"Gempa bumi dan update status adalah hal yg tidak bs dipisahkan # AnuNgawur";;;#;"946292215613026305";https://twitter.com/Nganuuuu/status/946292215613026305
;2017-12-28 14:37;0;1;"Karena LGBT (Lesbi Gay Biseksual Transgender) mengundang LGBT (Longsor Gempa Bumi Tsunami) # prayforLogika";;;#;"946284005866971136";https://twitter.com/nandana_gibran/status/946284005866971136
;2017-12-28 14:35;0;0;"gempa anjir. gempa bumi";;;;"946283411777372161";https://twitter.com/bucintaehyunq/status/946283411777372161
;2017-12-28 14:12;0;0;"Innalillahi bang.. Semoga tanah air kita dijauhkan dr segala marabahaya Longsor, Gempa bumi, Banjir dan Tsunami.. Aamiinn YRA";;;;"946277556684177408";https://twitter.com/ph_sajalahhh/status/946277556684177408
;2017-12-28 12:37;0;0;"Sebeum tidur tengok pasal gempa bumi, kan dah terbawak dalam mimpi. Lol";;;;"946253800473444352";https://twitter.com/fazilahasmail/status/946253800473444352
;2017-12-28 12:37;0;0;"Hahahha gempa bumi nanti jgn tak kejut lakk hahaha";;;;"946253790839062528";https://twitter.com/nadhirahrasip/status/946253790839062528
;2017-12-28 12:35;0;0;"╋╋ム ╋╋ム ╋╋ム .. mmg betul . gempa bumi pun blum tentu lg bangun";;;;"946253365532532737";https://twitter.com/nnanierose/status/946253365532532737
;2017-12-28 12:01;0;0;"kamu itu kayak lempengan bumi ya, geser dikit aja bisa gempa.in hati aku.";;;;"946244617749409793";https://twitter.com/PasarGodean/status/946244617749409793
;2017-12-28 11:49;0;3;"Bangunan tinggi2 buat tu stabil ke? Twin tower tu stabil la even tinggi pun. Kang nanti ada gempa bumi roboh kang sia2 jea";;;;"946241743900483584";https://twitter.com/nshaaff/status/946241743900483584
;2017-12-28 11:31;0;0;"Gempa Bumi Sukabumi 15 Desember 2017 https://youtu.be/Y5Xm89oJXDg lewat @ YouTube";;@;;"946237095550500864";https://twitter.com/mulyadi64881495/status/946237095550500864
;2017-12-28 11:15;0;0;"@ mi_ChristyChiBi kamu itu kayak lempengan bumi ya, geser dikit aja bisa gempa.in hati aku.";;@;;"946233126778310656";https://twitter.com/Dinakici/status/946233126778310656
;2017-12-28 10:41;0;0;"Ws group tgh gempa bumi -Mir";;;;"946224650333200386";https://twitter.com/adlinzamri/status/946224650333200386
;2017-12-28 10:30;0;0;"Komisi II Bahas Penyaluran Bantuan Gempa Bumi https://www.radartasikmalaya.com/komisi-ii-bahas-penyaluran-bantuan-gempa-bumi/ …pic.twitter.com/OX6V8eTQJJ";;;;"946221727515926528";https://twitter.com/radartasik/status/946221727515926528
;2017-12-28 10:16;0;0;"@ Teens_Fannie kamu itu kayak lempengan bumi ya, geser dikit aja bisa gempa.in hati aku.";;@;;"946218324945379328";https://twitter.com/IamStefantje/status/946218324945379328
;2017-12-28 10:01;0;0;"Bencana geologi : gempabumi, tsunami, letusan gunung berapi, dan tanah longsor.";;;;"946214493377331201";https://twitter.com/meteosphere/status/946214493377331201
;2017-12-28 10:00;0;0;"Gempa bumi majalengka";;;;"946214174698307584";https://twitter.com/WakhyuC/status/946214174698307584
;2017-12-28 09:58;0;1;"Gempa bumi";;;;"946213844493287424";https://twitter.com/WakhyuC/status/946213844493287424
;2017-12-28 09:42;2;4;"# TrendingHariIni Iran rentan terhadap gempa bumi karena berada pada garis sesar utama. http://ebx.sh/2Do5KvN";;;#;"946209827503656960";https://twitter.com/kompascom/status/946209827503656960
;2017-12-28 09:38;0;2;"Gempa bumi? Kat mana unsur misteri dan mistiknya? Tak Mastika lah camni...";;;;"946208811601207296";https://twitter.com/akubetul/status/946208811601207296
;2017-12-28 09:26;0;0;"Longsor Gempabumi Banjir Tanahlongsor krn di jekardah bnyk lgbt jd banjir hahahahaha";;;;"946205563905437697";https://twitter.com/geztue/status/946205563905437697
;2017-12-28 09:02;0;0;"# SekilasInfoGefm (09.00) ~ Setiap Hari Rata-rata Terjadi Gempa Bumi di Jatim[[http://beritajatim.com/peristiwa/317113/setiap_hari_rata-rata_terjadi_gempa_bumi_di_jatim.html …]]";;;#;"946199704315994112";https://twitter.com/RadioGeFM/status/946199704315994112
;2017-12-28 09:02;0;0;"# SekilasInfoGefm (09.00) ~ Setiap Hari Rata-rata Terjadi Gempa Bumi di... https://fb.me/8l6xNOklR";;;#;"946199655381008384";https://twitter.com/RadioGeFM/status/946199655381008384
;2017-12-28 08:59;0;0;"Gempa Bumi 5,2 SR Guncang Parimo http://radarsultengonline.com/2017/12/28/gempa-bumi-52-sr-guncang-parimo/ …pic.twitter.com/8JTGgf15iK";;;;"946198891329925120";https://twitter.com/RaSul_Online/status/946198891329925120
;2017-12-28 08:28;0;0;"Dekat2 Subuh tadi bermimpi terjadi 3 gempa bumi dan setiap gempa bumi tu menggegarkan seluruh bumi dan semua... https://fb.me/1ZJ3AR5xs";;;;"946191080097222658";https://twitter.com/CSJKL/status/946191080097222658
;2017-12-28 08:17;0;0;"Mende gempa bumi ke ko tergelincir hahahahahahahaa";;;;"946188390617161728";https://twitter.com/MissYoo__/status/946188390617161728
;2017-12-28 08:06;0;0;"http://goo.gl/8ziw8K inilah alasan kenapa gempa bumi sulit dideteksi # berita # news # xxx";;;# # #;"946185550624563200";https://twitter.com/MiyabiRasa/status/946185550624563200
;2017-12-28 07:31;3;17;"sedih bila melihat gempa bumi seperti ini dan ni adalah satu2 nya tanda kiamat kecil saja kite tak tahu bila kiamat yang besar akan muncul allah wahuallam";;;;"946176842033065984";https://twitter.com/true_farhan/status/946176842033065984
;2017-12-28 06:11;0;0;"LONGSOR-GEMPA-BUMI-TSUNAMI singkatan itu khan??";;;;"946156634245513216";https://twitter.com/ccrandro1102/status/946156634245513216
;2017-12-28 06:11;0;0;"Tahun 2009 ada anime jepang menceritakan gempa bumi, judulnya Tokyo Magnitude 8,0. Ternyata terjadi gempa di Jepang. Mungkin kebetulan";;;;"946156565987332096";https://twitter.com/infotaku_/status/946156565987332096